fold,actual,predicted,absolute_error,geo_distance_km,environment_distance,support
1,5.340388,5.981054359999999,0.6406663599999991,40.25651824917449,1.3020858247906932,Caution
1,6.394891,5.981054359999999,0.4138366400000013,40.212932806763234,1.3019186001022938,Caution
1,1.000613,3.5989683733333315,2.5983553733333316,43.509818403544614,1.0319299140569045,Supported
1,0.94372,0.9421260966666661,0.0015939033333338681,111.48514607775482,1.7720467409742837,Extrapolation
1,0.887413,0.739686916666666,0.14772608333333404,144.95221214487347,0.6841289967745912,Caution
1,0.465907,0.9086527400000002,0.44274574000000017,212.96114461943804,3.066784483681549,Extrapolation
1,0.934387,1.1471368583333335,0.21274985833333349,232.17301275869983,3.7408241049701605,Extrapolation
1,0.63396,1.4103715950000018,0.7764115950000018,187.98932706820568,2.0890492608340474,Extrapolation
1,0.654547,1.7762482000000008,1.1217012000000008,111.10453658811294,4.487941278866163,Extrapolation
1,0.486787,2.2029250900000013,1.7161380900000012,133.99224468473827,3.717274871715099,Extrapolation
1,1.65324,3.570800267222223,1.9175602672222232,44.82664685482325,1.405923057962509,Caution
1,2.097955,3.5739420505555564,1.4759870505555566,40.641028894523814,1.4046861597288458,Caution
1,1.559172,3.5904060038888908,2.0312340038888905,36.541986044982735,1.4034860424441724,Caution
1,6.183973,5.156246163333344,1.0277268366666563,105.84690128941742,1.319090004834141,Caution
1,10.22576,16.32812143666666,6.10236143666666,119.81287440529834,1.4664534578697725,Caution
1,1.549515,10.096986059999999,8.54747106,26.024887523841073,0.9009747026787658,Supported
1,3.170803,7.441859433333335,4.271056433333335,29.969550640660877,0.8861685413386422,Supported
1,0.124107,11.197182866666672,11.073075866666672,41.63962771556478,2.1886438907761296,Extrapolation
1,2.213893,9.968886503333334,7.754993503333333,30.9233921578506,0.9092712881294773,Supported
1,3.184928,7.238703440000004,4.0537754400000034,29.810021057115232,0.8862379586159048,Supported
1,1.655169,9.95363282,8.298463819999998,36.31338000979475,0.913164739994958,Supported
1,3.357755,14.733035276666687,11.375280276666686,56.190871060197,0.8259299304892209,Supported
1,2.047425,4.313208006666667,2.2657830066666667,129.17117869278002,0.9288612557664917,Caution
1,3.956987,14.800925050000018,10.843938050000018,56.431626201450214,0.827388828966492,Supported
1,6.958142,4.2707053749999995,2.687436625,126.22122524933538,0.9218663730315293,Caution
1,3.3992,4.2707053749999995,0.8715053749999995,126.06746048956501,0.919758903185057,Caution
1,2.011274,1.9735824066666672,0.03769159333333261,3.1760243183486194,0.6664709746980623,Supported
1,4.643193,1.9643459966666674,2.678847003333333,5.954440762081041,0.6669402364932593,Supported
1,1.4459,1.9643459966666674,0.5184459966666675,9.434485760001332,0.6675610764928972,Supported
1,1.125328,1.903212176666666,0.777884176666666,14.38400904697274,0.6686953814053452,Supported
1,1.977825,2.760278750833335,0.7824537508333351,18.692810362657426,1.111588508155671,Supported
1,3.481081,2.27389660416667,1.20718439583333,22.98838026031236,0.9177010849069706,Supported
1,1.316889,2.2966537366666673,0.9797647366666673,71.79529922532623,1.3674993171112553,Caution
1,0.788529,2.184990816666666,1.3964618166666658,75.62531633510683,1.363641359661035,Caution
1,0.718984,2.174512723333333,1.455528723333333,80.56487756117555,1.3593671276802155,Caution
1,1.434491,2.221075389999999,0.7865843899999989,84.76343952946985,1.32195283393434,Caution
1,2.168122,2.222019156666666,0.053897156666665946,87.81850815644356,1.3110421641929622,Caution
1,2.183253,2.2303828433333326,0.04712984333333248,92.0064530927365,1.6025462146190979,Caution
1,2.893381,2.2367740833333327,0.6566069166666675,95.8684726592031,1.598981237907551,Caution
1,5.809413,5.281851926666669,0.5275610733333309,136.46476345579387,1.2389935140783852,Caution
1,3.19434,4.084519792222223,0.8901797922222232,36.05375311827203,0.2556281105677609,Supported
1,1.37327,2.2367740833333327,0.8635040833333327,98.95985458009295,1.5964833417600972,Caution
1,5.533149,5.3680845700000015,0.16506442999999837,145.18943586676733,1.2549470392629682,Caution
1,1.808096,3.477184853888881,1.6690888538888813,35.93361747741551,0.2562936418754256,Supported
1,1.32478,1.9364797783333314,0.6116997783333313,102.63322671934563,2.290331534666908,Extrapolation
1,6.874532,6.24935136666667,0.6251806333333301,148.84184701553488,0.9782301742458398,Caution
1,5.022222,4.8571321750000065,0.1650898249999937,105.55640950801717,0.747737982590527,Caution
1,0.791407,1.0247682933333322,0.23336129333333222,193.21339462312443,1.2615022829645106,Caution
1,1.264402,1.9187569783333318,0.6543549783333318,105.67962407400486,2.1592142219388966,Extrapolation
1,0.355209,1.014447469999999,0.659238469999999,200.41127067802273,1.0705493444418523,Extrapolation
1,2.389612,1.8911580616666652,0.49845393833333485,109.73842278177798,1.9962311585650117,Extrapolation
1,4.018993,4.8571321750000065,0.8381391750000065,105.74056681289765,0.7465009998597206,Caution
1,0.645052,0.8594584433333332,0.21440644333333325,206.53892244219378,1.1533695135681927,Extrapolation
1,0.311213,2.445009373333335,2.133796373333335,167.46614568412713,0.9443726831149047,Caution
1,0.223018,1.116849516666666,0.8938315166666662,110.18301881860553,0.7245207272197834,Caution
1,3.315935,4.564621028333337,1.2486860283333372,55.48217512541939,0.8965661175089575,Supported
1,0.726409,2.4400903566666687,1.7136813566666689,172.27556712029715,0.9397340578364091,Caution
1,0.209325,0.610713356666666,0.40138835666666606,102.15552025706704,1.1612392642897589,Caution
1,3.839036,4.564621028333337,0.7255850283333372,55.76700868107717,0.8965912437714016,Supported
1,1.394636,2.436856616666669,1.042220616666669,177.35041657381922,0.9367070574640233,Caution
1,0.6541,2.3049284733333337,1.6508284733333336,181.9917739179365,0.9366019147782435,Caution
1,1.027045,1.8125479766666641,0.7855029766666641,5.643782692539818,0.4136788391625925,Supported
1,0.087972,0.5839503866666659,0.4959783866666659,94.48144577932831,1.1402089818955052,Supported
1,0.719813,2.304341593333334,1.584528593333334,185.74145167971128,0.93836662772932,Caution
1,1.106487,1.9049656766666616,0.7984786766666616,113.44904780250653,0.8216733819952764,Caution
1,1.176606,1.8806138766666614,0.7040078766666613,119.81240854991023,0.8663169860221062,Caution
1,0.729317,2.304341593333334,1.575024593333334,188.5893178293073,0.940671151573373,Caution
1,0.633044,2.2536729233333337,1.6206289233333337,193.20802932347627,0.9088264205468005,Caution
1,1.511378,1.8413232866666613,0.32994528666666123,125.72765406441887,0.9079947720114987,Caution
1,0.622319,4.6275418800000025,4.0052228800000025,193.0454967987315,1.650282524503108,Caution
1,0.471239,4.620355843333336,4.149116843333336,195.15006692081047,1.6208752354904414,Caution
1,1.578621,3.1641723733333325,1.5855513733333324,148.0627434476668,1.055302012746976,Caution
1,0.292958,4.581801926666669,4.28884392666667,199.78472584935574,1.6217004813903864,Caution
1,2.413135,1.958069599999996,0.45506540000000406,150.1859502557116,2.223357379453222,Extrapolation
1,0.258935,3.2242089166666674,2.9652739166666673,162.53549696688364,1.4190991002054238,Caution
1,3.215274,2.761568706666667,0.453705293333333,153.97720994464177,1.601356587353839,Caution
1,0.379932,3.21758911,2.83765711,157.97619558989015,1.400818790225492,Caution
1,1.574961,2.2523970999999987,0.6774360999999987,202.92706462293057,1.5560206279372482,Extrapolation
1,0.616756,4.4147893533333376,3.7980333533333375,135.56090448855844,1.4542104389154369,Caution
1,0.894086,2.2472684766666644,1.3531824766666642,196.13686566340664,1.5409473505566251,Caution
1,0.320443,4.451040983333339,4.130597983333339,128.45729378542765,1.4633816906462835,Caution
1,0.514966,1.8619371799999989,1.3469711799999988,189.53344566755078,1.3740980430575451,Caution
1,0.364115,2.6064094100000026,2.2422944100000026,121.95881872041818,2.233021101621436,Extrapolation
1,0.551901,1.859881213333332,1.307980213333332,184.32294014124525,1.3736009836381384,Caution
1,0.402258,4.533832376666671,4.131574376666671,152.6054532232089,1.4668539397537597,Caution
1,0.183989,4.441100456666672,4.257111456666672,146.57837426167274,1.4675331595357384,Caution
1,0.326856,3.1440072099999945,2.8171512099999947,106.30581018694798,2.562776997287574,Extrapolation
1,0.650244,1.8531838999999988,1.2029398999999987,178.5303857483209,1.3801132868296322,Caution
1,0.468736,4.434117666666672,3.965381666666672,141.99510922636384,1.459996093335829,Caution
1,0.317912,3.8255820633333344,3.507670063333334,114.6642321797644,1.1732267843950088,Caution
1,0.678457,1.859881213333332,1.1814242133333321,172.90435968826353,1.38246746670232,Caution
1,0.165177,4.5069167700000055,4.3417397700000055,117.13843183051542,1.744069312248164,Extrapolation
1,0.418786,1.8263241799999983,1.4075381799999982,167.21191320940665,1.3857194243788016,Caution
1,0.66966,2.178209406666665,1.5085494066666651,111.89594037170806,0.7451870874875838,Caution
1,3.210041,7.006508425555559,3.796467425555559,187.91087293050884,2.350977314210625,Extrapolation
1,0.79943,4.193350236666669,3.393920236666669,80.63125120405424,2.0512796549363554,Extrapolation
1,0.995046,4.193350236666669,3.198304236666669,80.50992641155268,2.051270610171842,Extrapolation
1,1.348287,3.308806193333336,1.9605191933333361,108.43504245374167,2.730206651764873,Extrapolation
1,0.784123,4.080690533333335,3.2965675333333353,108.17269597102525,2.7300372605673617,Extrapolation
1,0.914308,1.1788679999999998,0.2645599999999998,111.88018908768602,0.9423328071551624,Caution
1,2.182661,4.147854406666671,1.9651934066666708,47.7199192279164,0.46242668527760805,Supported
1,0.285813,0.7836066700000002,0.4977936700000002,71.45728830570604,1.265253089934794,Caution
1,1.393601,1.1787082266666662,0.2148927733333339,111.58856890749425,0.9422026067653299,Caution
1,0.86557,1.260771436666666,0.3952014366666661,55.613513925779955,1.0722908859230535,Supported
1,0.934591,1.260771436666666,0.3261804366666661,55.951476149134464,1.0716957826630953,Supported
1,4.099853,6.874681444999995,2.7748284449999945,48.29978889627742,0.58870487364931,Supported
1,5.898689,6.874681444999995,0.9759924449999948,48.02152808850882,0.5882499245599333,Supported
1,6.548017,6.318001604444443,0.23001539555555706,50.11627667910984,0.2610721147890105,Supported
1,0.942509,1.6382774833333322,0.6957684833333322,62.951839964246055,0.9234129591180281,Supported
1,9.860272,6.318001604444443,3.5422703955555574,50.38508840202069,0.26240236392387406,Supported
1,0.749445,1.6412941999999988,0.8918491999999988,62.61152810858465,0.9226658187168868,Supported
1,1.33967,1.2892672033333312,0.05040279666666869,113.90716943807166,1.4842482869282783,Caution
1,1.102814,1.3058205499999975,0.20300654999999757,113.88059208569088,0.959778872333046,Caution
1,0.318286,4.041319700000002,3.7230337000000016,50.71795087920775,1.2308622390893487,Supported
1,6.724144,5.560864678222231,1.163279321777769,0.331146849046569,0.5421034431919414,Supported
1,3.546383,1.3245467066666643,2.221836293333336,67.68846830840636,1.382718471447833,Caution
1,3.472031,1.3245467066666643,2.147484293333336,68.1261224972934,1.3825635666936615,Caution
1,0.466438,1.9415848433333311,1.4751468433333312,335.27628885428066,0.991422214787026,Extrapolation
1,0.302308,1.9224806066666638,1.6201726066666637,341.0912577619347,0.9496136304747698,Extrapolation
1,0.402879,6.657074173333333,6.254195173333333,362.83824151598515,1.6562524242006373,Extrapolation
1,9.363521,4.868074847500006,4.495446152499994,100.08955818030317,0.7673790420457264,Caution
1,1.161321,6.6281066599999985,5.466785659999998,364.2281013394759,1.6713057761607184,Extrapolation
1,6.245223,4.8643125641666725,1.3809104358333277,100.3619142378724,0.7656850611844209,Caution
2,0.341454,7.045823779999995,6.704369779999995,170.25798868026345,2.6599716870480528,Extrapolation
2,2.59128,2.2750009833333333,0.31627901666666647,103.58375931630465,1.2460587490351722,Caution
2,2.178,8.655122266666686,6.477122266666686,107.55885032769984,1.0819075538735685,Caution
2,1.566289,10.970401673333333,9.404112673333334,137.82303808857597,2.1317425888115786,Extrapolation
2,1.20877,1.6780257866666584,0.46925578666665846,24.861495323015173,0.5648208866315511,Supported
2,9.238534,12.324338606666668,3.0858046066666684,74.39430140210436,2.084441616572469,Extrapolation
2,15.320029,9.454476033333332,5.865552966666668,74.58721258460064,2.0969464245298184,Extrapolation
2,4.384549,5.28359621666667,0.8990472166666699,50.38508840202069,1.8429948240689138,Caution
2,1.857298,5.32715373666667,3.46985573666667,58.0036325690319,1.8212314726082797,Caution
2,3.550067,5.664521876666672,2.1144548766666724,84.49579622735588,2.0737522035584757,Extrapolation
2,6.887565,6.408955853333329,0.4786091466666713,66.27821823576548,1.7320490397840278,Caution
2,9.797825,6.184843646666673,3.6129813533333266,41.07270876454555,1.8113070827416684,Caution
2,0.897587,0.6319703299999998,0.2656166700000002,84.05396641016102,0.6852359613284549,Supported
2,1.31768,3.1642626166666648,1.8465826166666648,55.56231059507808,2.5592036733957277,Extrapolation
2,5.964499,4.741352350000005,1.223146649999995,116.69909964563837,0.728435742918047,Caution
2,3.461667,4.748193383333339,1.2865263833333391,116.88613404161778,0.7283359194800862,Caution
2,1.698375,4.8366607200000065,3.1382857200000065,113.34430153727806,0.8037739720651269,Caution
2,1.166769,4.8366607200000065,3.6698917200000065,113.4332320894114,0.8053414546148324,Caution
2,1.393483,5.298206676666674,3.9047236766666744,73.37399963767132,1.1032100488010568,Supported
2,0.855302,5.298498790000008,4.443196790000008,73.3537807263953,1.1028841213979395,Supported
2,7.799283,11.19785384999999,3.3985708499999907,51.351469191732335,0.67239220208581,Supported
2,2.645503,6.044004170000002,3.3985011700000016,108.25337194490488,2.0353129759438136,Extrapolation
2,9.972925,11.380556116666659,1.4076311166666589,51.63964823775026,0.6717397401719627,Supported
2,3.615134,6.044004170000002,2.428870170000002,108.248192102034,2.0348313654350063,Extrapolation
2,5.938225,5.459821833333342,0.4784031666666584,27.161634595038652,0.90726390179579,Supported
2,4.833991,5.469943226666675,0.6359522266666753,22.96290076731106,0.9048700369994086,Supported
2,13.405547,6.704156550000003,6.701390449999997,81.42255870332869,1.5099380086074408,Caution
2,5.194461,5.568894920000009,0.3744339200000084,19.339244495821287,0.9004078531564624,Supported
2,7.350979,5.633062040000006,1.717916959999994,115.80082655983027,1.1530369370108926,Caution
2,7.903851,6.122988953333335,1.7808620466666651,115.22795967250427,1.1436217295402802,Caution
2,9.861525,6.305891623333336,3.5556333766666643,110.77584535922529,1.1353564785371162,Caution
2,0.239722,1.7149661966666656,1.4752441966666656,388.1195872290391,2.4234280298455837,Extrapolation
2,5.533933,9.48384762,3.9499146200000004,53.50406073907816,2.3221355652300577,Extrapolation
2,0.271092,1.7149661966666656,1.4438741966666657,385.8673478446456,2.4164962877036995,Extrapolation
2,9.419626,9.554685153333335,0.1350591533333354,48.658470596763244,2.3089185122559366,Extrapolation
2,0.246531,1.4172834533333312,1.1707524533333311,317.1540010204849,2.239423113061909,Extrapolation
2,0.160215,1.910020020000001,1.749805020000001,287.2225202398073,1.8185618674720878,Extrapolation
2,0.218331,1.9120958866666675,1.6937648866666675,283.5376539416617,1.8139004559982044,Extrapolation
2,0.340995,1.6074007366666654,1.2664057366666654,279.89715699554336,1.4246709337798025,Extrapolation
2,0.179689,1.5081972133333321,1.3285082133333321,210.66691433693558,1.900145643096505,Extrapolation
2,0.375259,1.159236623333331,0.7839776233333311,209.93767636366434,1.5278635473314313,Extrapolation
2,0.699219,1.1545969866666643,0.4553779866666643,206.4510416284994,1.5240627713471824,Extrapolation
2,0.176326,1.1786257399999973,1.0022997399999973,192.24854056900074,1.544143588856856,Caution
2,0.063881,1.178653669999997,1.114772669999997,190.53963042853414,1.5110499541025226,Caution
2,0.128928,1.4304978233333312,1.3015698233333313,187.23841322771202,1.7955089367907726,Caution
2,0.808203,1.5286987133333303,0.7204957133333303,71.8357785396334,1.0652252577902461,Supported
2,0.900901,1.5281763266666637,0.6272753266666637,68.95912037259399,1.0566900955482346,Supported
2,0.844273,1.5804791666666635,0.7362061666666635,64.76915447048674,1.054798084626682,Supported
2,2.238093,1.4120180499999968,0.8260749500000033,48.21916231989638,1.0913466565444156,Supported
2,4.667212,4.078633469999999,0.5885785300000013,55.67042053747288,0.5746622608388439,Supported
2,3.081825,1.4115139433333297,1.6703110566666701,46.66711249696125,1.0843930484890352,Supported
2,5.524371,0.8398335233333316,4.6845374766666685,41.63962771556478,0.8369670890747065,Supported
2,5.031545,4.072933933333332,0.9586110666666681,55.48217512541939,0.5747904456158154,Supported
2,4.227363,5.113734343333339,0.8863713433333382,100.26629281231591,0.8677143431826421,Caution
2,3.077937,5.111665600000004,2.033728600000004,100.4072133444952,0.8673941242366286,Caution
2,5.997055,4.6293135566666725,1.367741443333327,49.68085388205332,0.41101375732684103,Supported
2,0.424833,0.8821102299999986,0.45727722999999854,71.45728830570604,0.7826920209449962,Supported
2,6.352912,4.6293135566666725,1.7235984433333273,49.68085388205332,0.41101375732684103,Supported
2,2.842617,1.439327453333332,1.4032895466666682,115.04811821553885,2.0604195456183536,Extrapolation
2,2.491377,1.631377933333333,0.859999066666667,113.22685504332016,1.7724236302548249,Caution
2,2.76533,1.6366269233333333,1.1287030766666668,112.29068948581661,1.7780748220282176,Caution
2,0.605422,8.078700289999986,7.473278289999986,90.95472884978166,1.229966008100781,Supported
2,0.703392,4.202443280000004,3.499051280000004,152.8892970473184,2.5362572565753445,Extrapolation
2,0.589552,7.567971383333323,6.978419383333323,92.20806392260297,1.4308633690457395,Caution
2,0.493343,7.530779789999991,7.03743678999999,110.7592908158293,1.3997004673262243,Caution
2,0.641622,1.2708370966666651,0.6292150966666651,114.07767203867621,1.1409122117022392,Caution
2,0.489709,1.2722002999999986,0.7824912999999987,111.89594037170806,1.1424987667246038,Caution
2,0.816799,7.536891823333323,6.720092823333323,96.4366555083284,1.4186589378068826,Caution
2,0.705246,7.536891823333323,6.831645823333323,100.89923941917522,1.4115429520587732,Caution
2,0.462912,7.532466829999991,7.069554829999991,106.08909028973143,1.4045697278977065,Caution
2,2.63242,1.5933059733333328,1.0391140266666674,98.53159165324011,1.014347410047401,Supported
2,3.951364,3.840524306666676,0.110839693333324,61.70739195425313,0.44810236852868013,Supported
2,2.741188,1.6711005233333327,1.0700874766666675,94.52910708696173,1.0137709441905305,Supported
2,2.999244,1.671606886666666,1.327637113333334,90.78047784616952,1.0134261427216302,Supported
2,2.081533,2.8802118766666625,0.7986788766666626,84.87613355116856,1.2438161825634273,Supported
2,0.528724,1.1865362166666664,0.6578122166666664,124.83043259916028,0.755156125445401,Caution
2,0.646543,1.1286745566666665,0.4821315566666665,111.6706262805483,0.7593170168118638,Caution
2,1.602424,3.2092540366666618,1.6068300366666617,90.95085154333638,0.9002036385949733,Supported
2,3.772227,1.6977331699999993,2.0744938300000006,85.99171144451515,1.0138014795251329,Supported
2,1.051438,1.1316506766666667,0.08021267666666665,106.45413996185201,0.7634393139191191,Caution
2,3.616785,4.561577136666676,0.9447921366666758,126.35753043790798,1.2927420984458207,Caution
2,6.487523,1.6964029233333324,4.791120076666668,83.34873176340291,1.0146129065250022,Supported
2,1.387017,1.1531908999999991,0.2338261000000008,101.90522574656781,0.3912058030908585,Caution
2,4.656397,1.7556098,2.9007872,79.77499406284957,0.9982138898051861,Supported
2,2.053062,1.7556098,0.29745220000000017,76.10683524354491,0.9989065695886298,Supported
2,1.79035,1.4423609966666664,0.3479890033333337,71.62051456927044,1.3338966049982954,Caution
2,5.058694,6.903546616666665,1.8448526166666648,48.06170151475692,0.8231396078278341,Supported
2,0.585087,1.433372573333333,0.8482855733333329,66.32336341293194,1.3374087321300643,Caution
2,9.431598,6.659328220000001,2.7722697799999985,47.928989663037264,0.8228234198443274,Supported
2,0.91359,1.5757790266666658,0.6621890266666658,84.77879461580885,0.9972438688146168,Supported
2,17.674272,6.110947169999999,11.563324829999999,96.84078407002362,0.8225005672173126,Supported
2,20.043001,6.110947169999999,13.932053830000001,97.4067736789558,0.8234391881151447,Supported
2,6.000392,5.485607880000007,0.5147841199999927,96.29833973073872,0.7681421516979275,Supported
2,1.389757,1.5759605799999994,0.18620357999999948,82.83764694480291,0.9935920639913947,Supported
2,2.131878,1.7939760900000004,0.3379019099999996,80.2768217166617,0.9753590702173288,Supported
2,8.972393,5.52116982333334,3.4512231766666606,96.57778848158604,0.7646909362000167,Supported
2,5.330399,5.5260789833333455,0.19567998333334558,48.02152808850882,0.5263073930450727,Supported
2,1.4442,1.7939760900000004,0.34977609000000043,77.80584554411766,0.971870915671449,Supported
2,9.018254,5.5260789833333455,3.492175016666655,48.15855601926035,0.5268266592428688,Supported
2,1.222912,1.79409641,0.5711844100000001,75.85090342766713,0.9680710494352502,Supported
2,1.644937,1.7882122166666667,0.14327521666666665,73.07001523301379,0.9646351199314026,Supported
2,0.377236,0.9385441400000004,0.5613081400000004,7.7565153586972135,0.21832119134126565,Supported
2,2.189049,1.7900814066666666,0.3989675933333332,70.619866746899,0.9609824616610854,Supported
2,3.702866,1.8178540000000003,1.885012,69.24907832317004,0.9277113899022518,Supported
2,4.42415,1.8252911966666694,2.5988588033333304,68.47118558392539,0.9057716739175812,Supported
2,0.182829,0.7626694299999998,0.5798404299999997,61.27895490270987,0.6939676440561897,Supported
2,5.37808,5.051972880000002,0.32610711999999786,49.25781769543985,0.8313099303759055,Supported
2,0.640253,2.127502270000001,1.4872492700000008,343.96569228063606,0.7119678942173449,Extrapolation
2,2.958448,1.8172483900000027,1.1411996099999975,67.15196981896115,0.9173945167995525,Supported
2,12.438422,5.051972880000002,7.386449119999997,49.25781769543985,0.8313099303759055,Supported
2,0.941444,2.1290952500000007,1.1876512500000007,349.60181882801265,0.7224859131957397,Extrapolation
2,4.286916,5.628550140000009,1.341634140000009,0.331146849046569,0.47000965246247234,Supported
2,0.288095,1.5253947566666686,1.2372997566666686,36.39764438816047,0.8196573086631447,Supported
2,12.211145,6.568473813333335,5.642671186666665,54.34958589479181,0.8262233422056132,Supported
2,1.833202,1.8915893500000007,0.058387350000000726,175.3158084251815,1.430301651155492,Caution
2,13.653956,6.568473813333335,7.085482186666666,54.084978614209476,0.8256188236340856,Supported
2,1.626228,1.6815203566666688,0.05529235666666876,170.1756360374941,1.3088018632636294,Caution
2,19.993098,6.014958460000003,13.978139539999997,108.26019199757155,2.0502766479666508,Extrapolation
2,2.210127,1.6326267233333354,0.5775002766666646,166.3355870801773,1.3077318708871621,Caution
2,11.354408,5.98257237666667,5.37183562333333,108.23340889796164,2.049678695070515,Extrapolation
2,1.407189,1.5417386000000017,0.1345496000000017,151.2989981756898,1.1267337954665257,Caution
2,1.02716,1.5279467633333352,0.5007867633333352,149.07361807784227,1.1322756261596376,Caution
2,0.544286,1.7469095433333355,1.2026235433333354,146.20342277082938,1.0093161379167588,Caution
3,0.558433,3.587382259999997,3.028949259999997,109.75466244246418,1.6876577116409466,Caution
3,2.287107,3.8373170200000044,1.5502100200000046,61.12393386620848,1.3142097283499368,Supported
3,1.455276,2.193389176666666,0.738113176666666,83.15636170757661,0.30838641922083543,Supported
3,0.383834,2.9442684599999893,2.560434459999989,24.861495323015173,0.5438290713461038,Supported
3,3.938291,15.303155570000001,11.364864570000002,218.79549945221984,2.715868314218463,Extrapolation
3,3.922442,15.147944806666677,11.225502806666677,212.92140251941686,2.842569841381928,Extrapolation
3,5.743354,14.841019043333336,9.097665043333336,208.67349088283703,2.703857718282006,Extrapolation
3,2.881826,13.218928030000024,10.337102030000024,195.17892013600925,2.9237910074076248,Extrapolation
3,1.415723,13.32193146000002,11.90620846000002,193.37130016212976,2.9314711380745484,Extrapolation
3,4.383276,12.79699493333335,8.41371893333335,191.51447151319343,3.1180397302141953,Extrapolation
3,1.114427,0.631691233333334,0.48273576666666607,111.48514607775482,1.1362422450832985,Caution
3,10.217707,9.747828670000011,0.4698783299999896,34.196849605814144,1.1911257966848634,Supported
3,5.891707,6.146319800000006,0.25461280000000563,103.58375931630465,1.1131001807877439,Caution
3,3.584262,2.1833972033333326,1.4008647966666672,84.95388638886192,0.31254157555423434,Supported
3,2.831999,2.182719746666666,0.6492792533333342,80.50992641155268,0.3182617147550262,Supported
3,5.70248,6.656813096666675,0.9543330966666748,73.87831768018717,0.8239995874192627,Supported
3,1.740337,3.419425790000002,1.6790887900000018,81.93282909277913,0.9356733255956051,Supported
3,2.8162,2.0671578066666663,0.7490421933333336,85.02627384479779,0.18036395944619113,Supported
3,4.632787,5.7880186966666765,1.155231696666676,87.20994927458433,1.4678884389971563,Caution
3,1.333847,2.061617936666666,0.727770936666666,87.34391426728114,0.18366980523207782,Supported
3,1.295791,3.666944826666667,2.371153826666667,78.26531559193502,0.8335345604970951,Supported
3,3.160259,2.065069776666666,1.095189223333334,90.69235305286864,0.19003243663242447,Supported
3,1.695865,4.248554868888889,2.5526898688888893,29.810021057115232,0.9202596909727115,Supported
3,1.764996,2.0162689299999994,0.2512729299999994,94.8706401575391,0.19677106686641307,Supported
3,1.674705,3.6636776166666674,1.9889726166666672,74.49580537186836,0.8041285274104734,Supported
3,2.787855,1.932651769999998,0.8552032300000019,98.90446820837754,0.8567198334213354,Supported
3,3.551559,4.248554868888889,0.6969958688888891,32.06573049527887,0.9219828387785096,Supported
3,1.692349,1.9334710099999972,0.2411220099999971,103.81672247405976,1.0212373243549893,Caution
3,0.662175,0.9588092866666669,0.2966342866666669,57.72925370998428,0.6261833309522365,Supported
3,1.610358,1.9625086133333314,0.3521506133333314,109.19474925071647,1.233645797731959,Caution
3,5.915841,4.245742542222223,1.6700984577777778,34.33315718536483,0.9235904205578588,Supported
3,0.322387,0.9284011600000003,0.6060141600000003,60.8115456933532,0.6907688896383251,Supported
3,0.963329,1.9652767466666645,1.0019477466666644,106.0039628119779,1.234901265782687,Caution
3,0.382203,0.8950824466666675,0.5128794466666675,66.96771296542967,0.6819969664171013,Supported
3,3.570596,3.2233638000000013,0.34723219999999877,101.90522574656781,1.118727164525709,Caution
3,3.444226,12.075167168333321,8.63094116833332,42.852495127117855,0.764002611915451,Supported
3,0.788452,1.9652767466666645,1.1768247466666644,102.47742246583549,1.2341893119042626,Caution
3,3.457382,12.413190634999983,8.955808634999983,42.997244644896206,0.7637968178865664,Supported
3,2.58064,3.1260254166666686,0.5453854166666687,108.81595103735042,1.1414553347282501,Caution
3,1.189007,1.965291079999998,0.7762840799999982,96.32786872294326,1.233561277844224,Supported
3,2.290006,3.0956673166666686,0.8056613166666686,114.16315904729277,1.1501248673572055,Caution
3,10.560453,5.337624280555555,5.222828719444446,81.42255870332869,1.175020358442562,Supported
3,1.471346,1.9719080499999977,0.5005620499999976,91.98488231450918,1.2345488464242944,Supported
3,2.0441,1.9810042966666648,0.06309570333333503,87.65703393235088,1.1975511627064046,Supported
3,2.738058,3.1786027300000024,0.44054473000000227,149.9818020648165,1.1800684789026545,Caution
3,0.682223,1.9832837799999978,1.3010607799999978,83.10503128995325,1.1993352027567417,Supported
3,1.993602,2.934970710000003,0.941368710000003,151.89682127138025,1.1634341149644305,Caution
3,3.494777,1.9955970999999983,1.4991799000000017,78.75802916240556,1.4000581620448396,Caution
3,1.309742,3.146078346666669,1.836336346666669,151.8591578730037,1.167826174586587,Caution
3,2.274526,1.9825905733333309,0.29193542666666894,73.77985853980665,1.3914862490316768,Caution
3,2.02287,2.200264303333338,0.1773943033333376,68.70318057807332,1.223659297742493,Supported
3,5.222847,9.39132439333334,4.16847739333334,36.541986044982735,0.9612044456467206,Supported
3,4.653116,9.39132439333334,4.73820839333334,36.60580274800984,0.961479150336142,Supported
3,19.230017,8.745533693333337,10.484483306666663,56.48087077570016,1.0206550298780357,Supported
3,2.791323,1.2208148600000006,1.5705081399999996,100.66268003356411,0.6810065174133253,Caution
3,19.124298,8.745533693333337,10.378764306666662,56.32003853837969,1.0198900302390899,Supported
3,2.734936,1.1470815533333345,1.5878544466666653,123.51643672100322,0.9769362094806827,Caution
3,11.384704,9.027157726666681,2.357546273333318,84.11568968018254,0.8927153335781887,Supported
3,4.773962,1.2113901266666673,3.562571873333333,105.38901518213359,0.6964234332028362,Caution
3,2.595526,3.537455553333331,0.9419295533333312,176.5639226320133,1.851621324402815,Caution
3,2.116106,1.1817887233333346,0.9343172766666652,124.65149654755399,0.9800578745037593,Caution
3,3.531028,1.2113901266666673,2.319637873333333,110.21774699160049,0.6985311024671407,Caution
3,5.345399,9.027157726666681,3.681758726666682,84.31218429787015,0.8928483953935372,Supported
3,2.373976,3.5346789966666643,1.1607029966666644,176.92423164353136,1.8513328414218257,Caution
3,9.884611,9.397528320000001,0.48708267999999855,43.47331152554529,0.4938198302847348,Supported
3,4.624389,3.5346789966666643,1.0897100033333356,177.0385795327906,1.8518779841454556,Caution
3,11.344484,9.397528320000001,1.9469556799999985,43.61140215901523,0.4936843425250352,Supported
3,1.96634,1.1106194066666684,0.8557205933333316,132.41569018533784,0.8766584981487806,Caution
3,1.597692,1.2032294200000018,0.3944625799999981,138.28980313281946,0.8530015893158799,Caution
3,21.222074,3.194210687333331,18.027863312666668,59.11984434342339,0.8565060305347717,Supported
3,15.248259,3.1826613673333295,12.06559763266667,59.12369899372492,1.0157844454196536,Supported
3,6.491765,4.000535369555551,2.4912296304444492,99.57200537200228,0.9478189843322812,Supported
3,2.952631,3.212678885833332,0.26004788583333216,117.6037865731053,0.6862155100809123,Caution
3,2.78158,4.000535369555551,1.2189553695555508,99.37063256412482,0.9481214862900116,Supported
3,2.23836,3.858565054999997,1.620205054999997,86.97359744970396,0.8300570776231403,Supported
3,2.363342,3.3704158780555553,1.0070738780555555,122.10674518983073,0.6300847682582681,Caution
3,2.280913,3.3820323613888883,1.1011193613888883,126.06129839140917,0.6336989722202625,Caution
3,1.571052,3.868095441666664,2.297043441666664,87.25947740436429,0.8299882836229399,Supported
3,1.964699,3.5691231383333304,1.6044241383333304,35.93361747741551,0.5573322129287583,Supported
3,1.386953,3.4767029291666622,2.089749929166662,36.22027895456808,0.24451772377836922,Supported
3,6.950391,5.147871718555551,1.8025192814444484,105.84690128941742,0.6424006886612542,Caution
3,1.159275,0.96207664,0.19719836000000002,97.95669256651115,1.2065096601246816,Supported
3,0.424666,1.0497348033333345,0.6250688033333345,179.84217697814853,1.5501772530527997,Caution
3,1.148941,0.7233489966666672,0.4255920033333328,11.057755389052621,0.7441502966189436,Supported
3,0.183463,1.4299608066666663,1.2464978066666663,186.8313475392659,2.1407215292895776,Extrapolation
3,0.437536,3.3339329333333354,2.8963969333333353,106.30581018694798,0.9240407451439229,Caution
3,0.152902,1.4127422533333334,1.2598402533333333,193.82163915429342,2.134249121577488,Extrapolation
3,0.292719,2.3982854833333342,2.1055664833333343,89.15976436139535,1.4277066780354426,Caution
3,0.665633,2.6552967433333325,1.9896637433333324,105.37812608291992,0.9940413583183908,Caution
3,0.558239,2.6379499099999992,2.0797109099999993,113.13167105658842,0.9763320750984571,Caution
3,7.09803,6.910610723333342,0.1874192766666578,48.658470596763244,1.1949245989604713,Supported
3,9.143135,6.135695776666671,3.0074392233333285,50.502080846885974,1.171590768322166,Supported
3,3.938291,15.253853016666671,11.315562016666671,214.92983206131598,2.7995700474452976,Extrapolation
3,6.965577,9.240289966666676,2.2747129666666766,54.78693908114217,1.3967098541171676,Caution
3,3.922436,14.841019043333336,10.918583043333337,209.59573521795068,2.6742758387733625,Extrapolation
3,1.250812,4.251777226666669,3.0009652266666693,212.66507148396906,1.5028453497068577,Extrapolation
3,5.74337,14.838215650000002,9.094845650000003,207.689597490694,2.7409952482052673,Extrapolation
3,2.834407,3.3815149940000016,0.5471079940000014,221.67824259897628,2.149515576319071,Extrapolation
3,2.881837,13.218928030000024,10.337091030000025,193.75457187363764,2.9298926380350476,Extrapolation
3,2.587281,3.3998198740000016,0.8125388740000017,231.19216859504957,2.137101929984663,Extrapolation
3,1.415722,12.962756703333351,11.54703470333335,191.9207884359157,3.116515946838145,Extrapolation
3,4.383277,12.807525700000017,8.424248700000017,190.08209694469147,3.1234229035830228,Extrapolation
3,0.838474,1.3001276833333326,0.46165368333333257,55.613513925779955,0.8144367334134458,Supported
3,0.864578,1.3001276833333326,0.43554968333333266,56.051704090687586,0.8136152861390753,Supported
3,0.983232,1.301553719999999,0.3183217199999989,112.17198593458056,0.8764001891201121,Caution
3,0.89138,1.301553719999999,0.41017371999999896,112.11405046578426,0.8761085875689848,Caution
3,0.918348,1.1290661100000001,0.21071811000000007,56.16604382604703,0.936539946123064,Supported
3,0.795394,1.1290661100000001,0.3336721100000001,56.3122262989974,0.9369671661749646,Supported
3,0.743711,0.5299640933333336,0.2137469066666664,17.58292370989488,0.2159937501557459,Supported
3,4.532856,4.75120701166667,0.21835101166667048,49.32521957830759,0.4624489883359234,Supported
3,1.735337,1.7949541691666613,0.05961716916666138,5.03392496713338,0.14787663461650083,Supported
3,10.884687,4.704659691666669,6.18002730833333,49.233601011505016,0.461805389093792,Supported
3,1.332058,1.878925107499996,0.546867107499996,10.652635464825797,0.16914623474093263,Supported
3,1.00189,1.878925107499996,0.877035107499996,16.115822227760738,0.17122922914061584,Supported
3,7.197871,5.519825712999997,1.6780452870000033,0.5580332305598654,0.7675542367849556,Supported
3,0.600369,1.9045270041666629,1.3041580041666627,23.523414365950693,0.1747770195410948,Supported
3,1.090723,1.957306597499997,0.8665835974999969,29.79548486405279,0.1799902600183657,Supported
3,0.716268,2.298715816666668,1.5824478166666682,36.18583883369252,1.122674517973934,Supported
3,0.757866,2.303577613333334,1.5457116133333342,42.42216262218082,1.070235460606052,Supported
3,1.59384,2.303577613333334,0.7097376133333342,43.19580658319317,1.0701032121029213,Supported
3,0.284195,0.6086651433333323,0.32447014333333235,7.7565153586972135,0.7025972605667496,Supported
3,17.37797,1.2113901266666673,16.166579873333333,108.07647430848233,0.6946075166279009,Caution
3,13.021962,1.2115832833333342,11.810378716666666,112.38740997592876,0.7025890643161786,Caution
4,2.842615,2.5544706699999993,0.2881443300000006,46.75142065338038,0.189041626674225,Supported
4,5.728249,3.1846313977777787,2.543617602222221,101.46729206799435,1.014284320764302,Caution
4,2.206101,2.5314598966666666,0.32535889666666673,47.17907499012647,0.1884638123647608,Supported
4,4.108552,3.1846313977777787,0.9239206022222217,101.44717147567656,1.0143133850315447,Caution
4,1.877369,2.5366997966666665,0.6593307966666664,49.1612460341139,0.18942098471350519,Supported
4,2.968761,5.213329420761903,2.244568420761903,74.58721258460064,0.8105844437679778,Supported
4,21.788339,10.867164396666663,10.921174603333338,94.71727721369669,1.9273400071360198,Extrapolation
4,8.89101,7.340868576666664,1.5501414233333355,119.75331047431534,1.221695152044047,Caution
4,8.294706,9.732889886666664,1.438183886666664,40.894105918379964,2.8645500915211883,Extrapolation
4,4.954054,9.732889886666664,4.778835886666664,39.27572528216981,2.8580136153318145,Extrapolation
4,15.04933,9.732889886666664,5.316440113333336,37.91815898572342,2.853883402702973,Extrapolation
4,0.17276,1.137998433333331,0.965238433333331,36.39764438816047,1.97717870881327,Extrapolation
4,0.607613,0.894511283333332,0.286898283333332,63.41045071597076,2.455425441102949,Extrapolation
4,2.464707,3.2734780033333357,0.8087710033333355,106.77340758514052,2.1543686507018,Extrapolation
4,1.848387,2.3207718966666677,0.4723848966666677,100.54141058358336,2.186468825216481,Extrapolation
4,1.36212,6.9148222500000145,5.5527022500000145,80.8002887878248,1.8101296062493444,Extrapolation
4,26.854787,7.311494336666678,19.543292663333325,146.00146960650926,2.499251568664458,Extrapolation
4,22.4162,6.144257200333342,16.271942799666657,101.52661206218615,1.450033622341767,Caution
4,8.049147,8.329169929999996,0.2800229299999959,79.61691446907535,1.511082649840349,Caution
4,4.054387,5.572884866666671,1.5184978666666709,24.715094918973254,2.186866018795391,Extrapolation
4,10.103907,4.215462790000004,5.888444209999996,61.12393386620848,2.151743103260136,Extrapolation
4,2.307641,5.699102117428569,3.391461117428569,74.78676424352534,0.725349962339175,Supported
4,2.800453,5.199105473333338,2.398652473333338,67.37964024152193,0.8673554137025576,Supported
4,0.377715,2.700125973333336,2.3224109733333362,118.64895593881967,0.8422547850697159,Caution
4,0.221785,2.7370368933333356,2.5152518933333354,125.68564918958572,0.8507415735133333,Caution
4,0.170545,2.7906938300000026,2.6201488300000024,121.31275591767925,0.8601331469396333,Caution
4,0.707951,2.325178143333333,1.617227143333333,115.8733960323066,0.6866658457792575,Caution
4,1.064675,2.2892405399999993,1.2245655399999993,113.36715959825779,0.7998050777762472,Caution
4,1.336759,4.079262366666669,2.7425033666666696,152.89530223003374,0.9546664281425248,Caution
4,1.377096,3.603032799999998,2.2259367999999977,155.36044809927398,0.9575386459060595,Caution
4,1.674043,3.9055488016666677,2.2315058016666676,157.8875423521833,0.9964344906427061,Caution
4,3.894233,3.9386687525000017,0.04443575250000187,186.4165294124193,1.1733977221264893,Caution
4,3.891236,2.3122477699999977,1.5789882300000024,15.367936042707967,0.6009825132958148,Supported
4,3.881957,3.8091005691666684,0.07285643083333149,187.01462843025243,1.162271171034408,Caution
4,0.843368,2.3400439166666636,1.4966759166666637,11.072497364197018,0.9337297814361761,Supported
4,3.658557,3.8091005691666684,0.15054356916666833,189.70996050057445,1.1587295401166615,Caution
4,0.64902,2.33914622333333,1.6901262233333298,6.985839329211646,0.9333865561061624,Supported
4,1.481866,2.4762251633333294,0.9943591633333295,3.1760243183486194,0.9332377950450658,Supported
4,1.558805,2.2135697000000016,0.6547647000000016,143.2331886125529,1.224983502299265,Caution
4,9.583724,4.753902806666673,4.829821193333327,160.72997061451034,0.9091185629093766,Caution
4,5.317466,4.77718137333334,0.5402846266666597,162.5217195000621,0.9172928222998581,Caution
4,6.160555,4.660582616666671,1.4999723833333283,164.35327325260275,0.9233336601865805,Caution
4,4.196483,4.878546990000007,0.6820639900000076,165.96650698024024,1.0223032125043985,Caution
4,4.527676,8.048244268333333,3.5205682683333333,155.4956793154883,1.3852298540848458,Caution
4,4.302687,7.094156668333335,2.7914696683333355,152.02909683217834,1.391258811313232,Caution
4,6.006095,6.252963570833342,0.24686857083334157,149.91643684370183,0.27069118730699276,Caution
4,1.232119,3.935985173333344,2.7038661733333442,15.688751366920213,0.40133040279554144,Supported
4,1.450724,3.9259382966666774,2.4752142966666772,5.643782692539818,0.3936981273023442,Supported
4,0.171664,1.4319514316666644,1.2602874316666643,85.3153963781219,1.4390445946607289,Caution
4,0.158652,1.2460693366666653,1.0874173366666653,89.71286357006036,1.5352810835645014,Caution
4,0.173261,1.0890737966666657,0.9158127966666657,94.34902401025845,1.0212888614020164,Supported
4,0.795527,2.4926924166666655,1.6971654166666656,72.31769493348875,1.03061108304355,Supported
4,0.758546,2.439471233333332,1.680925233333332,64.80571992308423,1.1494219438404298,Supported
4,1.820322,2.4619347933333326,0.6416127933333327,57.72925370998428,1.1243967330431892,Supported
4,5.148795,4.651517110000001,0.49727788999999856,53.948191583336154,0.49999715999042704,Supported
4,3.394001,4.651517110000001,1.2575161100000014,53.70990818731345,0.49979280272624693,Supported
4,10.74915,4.244706786666668,6.5044432133333325,101.99441243093023,0.7035491406113156,Caution
4,9.76311,4.244706786666668,5.518403213333332,101.94703737260603,0.7035553457169305,Caution
4,5.982011,6.739476626666666,0.757465626666666,112.39852221708429,0.9069351670220431,Caution
4,5.291144,6.739026339999999,1.4478823399999987,112.43294917347671,0.9073084755493981,Caution
4,7.0435,6.511067030000002,0.5324329699999977,114.56398839419349,1.5371283510932157,Caution
4,5.996947,6.514721473333335,0.5177744733333354,114.67635748243181,1.5376719129764946,Caution
4,3.861539,3.9383788361111125,0.07683983611111245,42.56361350090101,1.4952003427369933,Caution
4,1.708537,5.797961879444438,4.089424879444438,40.009460524227194,0.6062233704303247,Supported
4,8.294709,9.732889886666664,1.4381808866666645,39.42007192654458,2.859018077105175,Extrapolation
4,4.954052,9.732889886666664,4.778837886666664,38.148112842021476,2.8545791190521603,Extrapolation
4,15.049329,9.732889886666664,5.316439113333336,37.13889251963853,2.8564685561418766,Extrapolation
4,2.387089,2.780452766666666,0.39336376666666606,43.47331152554529,1.442416845955976,Caution
4,1.234553,2.35854606,1.12399306,113.84481350651747,0.65472866341249,Caution
4,3.964444,2.7172034933333324,1.2472405066666674,49.17861241044501,1.447246858645257,Caution
4,4.812514,12.432458856666683,7.619944856666683,53.480163006034786,2.5005778162495993,Extrapolation
4,4.535362,4.888328923333334,0.3529669233333337,40.2468565480869,1.1058860387040688,Supported
4,8.968392,4.83075112,4.137640879999999,40.03650090966855,1.1058174453913592,Supported
4,0.563965,1.7031815799999994,1.1392165799999994,140.8049116003208,0.4177851834944537,Caution
4,1.0534,1.0989731866666663,0.04557318666666643,148.65916209520407,1.3576252982355672,Caution
4,3.118782,4.1195872233333395,1.0008052233333395,175.94425255560103,0.927766693131882,Caution
4,1.100274,1.020457336666667,0.07981666333333304,155.531563148897,1.3706736690046235,Caution
4,2.736727,1.9061570300000024,0.8305699699999978,173.1105398187153,1.2978043226261682,Caution
4,1.550254,0.8610509433333323,0.6892030566666677,160.79933636457812,1.3817986129965085,Caution
4,1.17109,0.8495253666666653,0.3215646333333346,165.94273016789427,1.3926229999085726,Caution
4,3.530292,2.0455385033333373,1.484753496666663,169.5871854580541,1.5604388757661374,Caution
4,0.750804,0.8888608166666654,0.13805681666666536,173.0172898427109,0.8397456811199804,Caution
4,1.285492,1.807490223333335,0.5219982233333349,9.731719087810747,0.1592631084429766,Supported
4,1.305863,1.8549229833333334,0.5490599833333334,5.03392496713338,0.15724364705536995,Supported
4,2.512745,2.3137144433333328,0.19903055666666702,67.785577466526,1.1069428720184804,Supported
4,0.254751,1.5802634533333344,1.3255124533333345,85.09250639951162,3.379006227342176,Extrapolation
4,4.783011,5.583440686000007,0.8004296860000073,0.5580332305598654,0.5002695662686126,Supported
4,0.472955,1.5295911366666681,1.0566361366666681,89.66619097870905,3.2858131719421686,Extrapolation
4,2.413153,2.3137144433333328,0.09943855666666712,67.68846830840636,1.107124542226658,Supported
4,0.530791,1.560714926666668,1.029923926666668,93.94898992063202,3.257172037570257,Extrapolation
4,3.614841,4.424925747944447,0.8100847479444466,48.94636077943333,0.7989774223651357,Supported
4,1.652923,2.309192136666668,0.6562691366666682,132.64947015099827,0.8946173129868045,Caution
4,1.21843,1.9874679566666675,0.7690379566666676,129.2922046168709,2.5034517273216617,Extrapolation
4,7.732587,4.424925747944447,3.307661252055553,48.80362428202888,0.7988820034442063,Supported
4,3.656354,1.7701406299999995,1.8862133700000003,137.82303808857597,4.5201303129032615,Extrapolation
4,1.175749,1.958253230000001,0.7825042300000011,133.89230745418885,1.7947076856937487,Extrapolation
4,3.765498,2.175482386666668,1.5900156133333319,66.65209022914732,1.044520299119616,Supported
4,1.321474,2.309192136666668,0.9877181366666681,132.45494574485443,0.8958536416558878,Caution
4,0.951916,2.242535946666668,1.290619946666668,162.34068576441373,1.0401676182319364,Caution
4,1.931257,2.175419533333335,0.24416253333333504,66.32336341293194,1.0431344067515085,Supported
4,1.688752,1.9799964766666671,0.2912444766666671,59.11984434342339,0.9897424421551355,Supported
4,1.05689,2.07796942,1.02107942,63.26355766368189,1.0763485869699934,Supported
4,0.954332,1.965219016666668,1.0108870166666681,138.4752034828686,1.7988070759431518,Extrapolation
4,1.468767,2.086462246666667,0.6176952466666672,59.59115301184137,1.0741530766747294,Supported
4,0.81151,1.928172016666669,1.116662016666669,135.20607044791885,1.819054281359891,Extrapolation
4,0.636328,2.2666814066666676,1.6303534066666676,162.3116637139993,1.040083508857903,Caution
4,2.99756,4.356505416666666,1.358945416666666,91.26786509885419,0.9968378719686424,Supported
4,9.113516,2.0852154133333327,7.028300586666668,56.68793761377103,1.0705228921280252,Supported
4,3.960667,2.072676063333336,1.887990936666664,139.12110376447757,1.7892531511262866,Extrapolation
4,2.063226,2.0808436633333334,0.01761766333333359,51.452711261520534,1.0645999754993447,Supported
4,5.572512,4.356505416666666,1.2160065833333338,91.50597283638372,0.9969337899069153,Supported
4,0.517986,2.387547860000001,1.869561860000001,173.23583478575517,1.5121501874384506,Caution
4,5.735766,4.716442946666666,1.0193230533333342,47.660533797031,1.0209805934927143,Supported
4,1.771433,2.0904082966666673,0.31897529666666724,49.54254402941505,1.0580501681935879,Supported
4,7.848268,4.723636343333332,3.1246316566666676,48.15854043103841,1.0209721095552822,Supported
4,1.945896,2.163818530000001,0.21792253000000072,48.3064873344328,1.0630197749054244,Supported
4,2.029278,2.1638303466666677,0.1345523466666676,47.513522373673744,1.0567492504758242,Supported
4,4.136879,7.792590719999997,3.6557117199999967,148.5431672673552,1.3826769896282078,Caution
4,17.133118,7.792088829999998,9.341029170000002,150.1332015768661,1.3905977883995333,Caution
4,17.981816,7.7867699766666645,10.195046023333333,152.26885611068934,1.4023717646033649,Caution
4,23.06106,16.09818207888889,6.962877921111112,81.6373992603513,1.8594497246250203,Extrapolation
4,7.162585,16.424439632222224,9.261854632222224,85.01860975872458,1.8620558446193247,Extrapolation
4,22.527386,16.446754582222223,6.080631417777777,87.91987772279276,1.8657305482094992,Extrapolation
5,0.887341,1.6650824966666686,0.7777414966666686,128.26292401941342,1.4758598893390535,Caution
5,3.504488,1.9981779866666698,1.50631001333333,136.89006815685366,0.9445895036958862,Caution
5,5.260345,2.1669908500000004,3.0933541499999997,130.97962966167015,1.1727280320820979,Caution
5,5.907654,5.6817241960000056,0.2259298039999944,40.5019024024455,1.1657911653037796,Supported
5,4.421236,2.1963385466666674,2.224897453333333,124.16473283337113,1.1795315225445955,Caution
5,6.136246,5.6817241960000056,0.4545218039999943,40.212932806763234,1.1657000833351696,Supported
5,27.418707,7.182931475833342,20.23577552416666,95.6256625966043,2.321298326165706,Extrapolation
5,3.187498,8.431135851333336,5.243637851333336,102.22134723340024,2.861226558366117,Extrapolation
5,3.417758,8.428969671333336,5.011211671333336,103.83522119229099,2.859160930227345,Extrapolation
5,1.582826,8.435622998000001,6.852796998000001,105.66785097473011,2.8570362939743634,Extrapolation
5,3.692509,6.133660445833342,2.441151445833342,166.76080940576585,3.0651463364085454,Extrapolation
5,6.293365,6.133660445833342,0.15970455416665796,164.7951658461141,3.068734947624241,Extrapolation
5,7.704874,6.122372562500008,1.5825014374999924,162.53003289115145,3.0727245636736296,Extrapolation
5,27.723078,7.437959096666669,20.285118903333334,135.686243506541,3.01248074721615,Extrapolation
5,4.256084,7.438099236666669,3.1820152366666683,134.3105289651187,3.0212803677803404,Extrapolation
5,7.252639,7.673559983333336,0.4209209833333354,133.01583489183838,3.134378889104877,Extrapolation
5,42.069684,13.677884843333356,28.391799156666647,111.4070691257671,1.5485981888816978,Caution
5,15.664693,13.760537396666686,1.9041556033333134,110.24962246493686,1.4784724091052863,Caution
5,14.472818,13.79129109000002,0.681526909999981,109.2360389983835,1.478203828357976,Caution
5,0.836267,2.2372500299999967,1.4009830299999968,100.54141058358336,2.2160016858461797,Extrapolation
5,3.223693,2.141964146666667,1.081728853333333,55.56231059507808,2.0928126390901176,Extrapolation
5,11.416893,7.712392643333335,3.7045003566666646,40.03650090966855,2.0265893741946144,Extrapolation
5,51.0782,8.420258733333334,42.65794126666667,88.78613621246912,3.217653599707225,Extrapolation
5,4.486027,4.2354017894444445,0.25062521055555553,92.73850141433573,1.044317620543204,Supported
5,5.481173,5.180665003888896,0.30050799611110435,73.3537807263953,1.3365273839411753,Supported
5,7.753387,9.304793309999994,1.5514063099999937,201.26755561576977,1.2724685024627962,Extrapolation
5,5.263433,6.011071359166675,0.7476383591666753,92.69058169524862,1.4596648040929086,Caution
5,6.618049,5.9732913525000075,0.6447576474999925,92.69019551260917,1.4598008546488352,Caution
5,19.315363,6.056151836666667,13.259211163333333,65.75906513578074,1.4073047310776996,Caution
5,21.326015,6.110561556666667,15.215453443333335,65.90457334701183,1.407114807619524,Caution
5,32.99717,6.125650436666667,26.87151956333333,19.339244495821287,0.6610914519867411,Supported
5,3.92704,9.551864370000006,5.624824370000006,87.20994927458433,1.4158882744143855,Caution
5,4.697453,8.936829976666681,4.239376976666681,87.70851871953234,1.1028310554553036,Supported
5,31.209877,6.125650436666667,25.08422656333333,19.718075080065187,0.6620546886267736,Supported
5,6.596453,10.46094350000002,3.86449050000002,218.4936817085366,2.810009672439251,Extrapolation
5,7.831613,7.042970562222216,0.7886424377777841,169.55082552066457,1.3609482150985364,Caution
5,5.571537,5.867133026666674,0.29559602666667395,46.7734221261024,0.7462012434963,Supported
5,6.679233,5.8816060300000075,0.7976269699999925,47.35177068141601,0.7445755717038051,Supported
5,1.686723,2.5611487366666625,0.8744257366666626,52.205574839409515,1.3243340430806934,Supported
5,1.707602,2.596023049999998,0.888421049999998,44.434749701622565,1.3256491478845616,Supported
5,1.271783,2.5205395833333313,1.2487565833333312,37.449456386882616,1.290793018197587,Supported
5,0.546338,2.6694356226666622,2.1230976226666622,153.47884734583818,0.867973495018899,Caution
5,2.094789,2.607603955999997,0.512814955999997,154.04317250587485,0.882342055658952,Caution
5,1.996085,5.432299276666674,3.436214276666674,155.54787152251708,0.5664396672388808,Caution
5,1.18797,7.6107510466666675,6.4227810466666675,159.90302866715513,0.5850233018824994,Caution
5,1.00869,7.448001076666665,6.439311076666664,164.5552049865188,1.0393045478612144,Caution
5,2.220469,7.32204267999999,5.101573679999991,100.05428800213753,0.5134519836887542,Caution
5,2.466297,7.3024027233333255,4.836105723333326,97.43297886462231,0.5208277702479763,Supported
5,2.598221,4.100060559999997,1.5018395599999965,87.51991389150385,0.7744921987807614,Supported
5,3.183474,3.9638694099999983,0.7803954099999983,81.01775357809832,0.7792272158194542,Supported
5,4.08012,2.5224611566666693,1.5576588433333307,74.93272119422959,0.9937208518920156,Supported
5,2.080938,2.662006620000003,0.581068620000003,43.64666175937356,0.9317798626098162,Supported
5,2.32306,2.6534527199999967,0.33039271999999675,36.167053993412225,1.4563589013518536,Caution
5,3.940242,4.95760193766667,1.01735993766667,50.00782736935925,0.5866016613706724,Supported
5,0.513742,1.019166273333333,0.5054242733333331,11.057755389052621,0.7457752663480578,Supported
5,3.591232,4.960912911000003,1.3696809110000028,49.68085388205332,0.5869700511601452,Supported
5,5.563262,4.649534751500003,0.9137272484999972,101.5130473951225,0.4163474845575206,Caution
5,6.471148,4.632479194833337,1.8386688051666633,101.27508140619793,0.41577558302565865,Caution
5,6.950086,4.4780858183333345,2.4720001816666652,89.08454981258355,0.9494854175289147,Supported
5,8.261449,4.4780858183333345,3.783363181666666,89.24045325856974,0.9502868719489314,Supported
5,5.076931,5.307087506666659,0.23015650666665888,40.009460524227194,0.47601205980648414,Supported
5,4.295994,5.6157651033333265,1.3197711033333261,40.59148850063465,0.47445390151752265,Supported
5,1.799987,2.0742274799999993,0.27424047999999934,110.8505461553474,0.6634329516046298,Caution
5,9.622925,2.6820849222222214,6.940840077777779,115.77558804919718,0.9117364738604714,Caution
5,0.775949,4.596390957777782,3.820441957777782,34.196849605814144,1.251404381676852,Supported
5,1.743582,2.758763468888889,1.0151814688888892,121.03237520738908,0.9193432314716671,Caution
5,0.268115,5.00531459944445,4.73719959944445,170.38258300671797,0.5314376581589098,Caution
5,0.066203,1.23782224,1.17161924,129.2444230655677,1.9861188359847193,Extrapolation
5,0.063081,1.23782224,1.1747412400000001,137.28187929899426,1.9861178450773822,Extrapolation
5,0.052272,1.2546495766666665,1.2023775766666664,146.56961210198503,1.103327693926427,Caution
5,3.387223,5.494451536666668,2.107228536666668,31.872079596414093,0.8912656203403451,Supported
5,3.903438,5.486932970000001,1.5834949700000007,31.711346846894397,0.8883634566071513,Supported
5,0.953208,1.4823334633333325,0.5291254633333324,93.18633200627951,1.2499572420280625,Supported
5,2.191318,4.561553256055557,2.3702352560555573,24.920820027525817,0.6441499576313594,Supported
5,4.795062,3.8681546781666625,0.9269073218333372,89.19017835628331,0.6112009188306878,Supported
5,4.934588,4.561553256055557,0.3730347439444426,24.715094918973254,0.6445761386174662,Supported
5,1.527513,1.479693309999999,0.04781969000000097,89.15976436139535,1.2644266749354287,Supported
5,2.068737,5.79356492705556,3.72482792705556,45.83561115221069,0.5975250828805738,Supported
5,3.964016,5.797098203722227,1.8330822037222267,45.81361497168899,0.5974657105370454,Supported
5,3.187497,8.428969671333336,5.2414726713333355,103.51620446788867,2.8594374042946384,Extrapolation
5,3.41776,8.439196211333336,5.021436211333336,106.96134894902684,2.8691355358135135,Extrapolation
5,1.582836,8.451300233333336,6.868464233333336,107.13874965301581,2.883466111071675,Extrapolation
5,7.860124,5.128965579444449,2.731158420555551,50.98801090018436,0.7511503800011436,Supported
5,3.692508,6.133660445833342,2.4411524458333416,165.12412562942387,3.0681573003481275,Extrapolation
5,9.260515,5.069486356111115,4.191028643888885,50.697598342866094,0.7509546035731689,Supported
5,6.58212,6.650157803333337,0.06803780333333709,225.19906477525979,1.339772831113916,Extrapolation
5,6.293373,6.122372562500008,0.17100043749999205,163.72219587153964,3.0707326970197255,Extrapolation
5,4.092073,6.576929942500007,2.4848569425000067,41.07270876454555,0.8033463694574594,Supported
5,6.203604,6.484712416666668,0.28110841666666797,219.55480044924767,1.4215826768365905,Extrapolation
5,7.704875,6.122372562500008,1.5825024374999925,161.14475248322717,3.075426363498519,Extrapolation
5,8.765483,6.58482570583334,2.18065729416666,41.14798783759042,0.8039624899219601,Supported
5,0.857739,1.1557814733333314,0.29804247333333134,56.50677655045782,1.2073476467855175,Supported
5,27.723083,7.438099236666669,20.28498376333333,134.62510147932858,3.0192751391810506,Extrapolation
5,4.256088,7.675849473333336,3.4197614733333355,133.26367011228515,3.133480349649138,Extrapolation
5,7.252628,7.67181478666667,0.4191867866666703,132.13413313128274,3.1388579031640953,Extrapolation
5,0.741419,1.1702404499999983,0.42882144999999827,56.16604382604703,1.208063950337066,Supported
5,1.146122,1.4572618516666647,0.3111398516666646,108.38768166369331,1.4027205636414477,Caution
5,0.907112,1.4536974983333313,0.5465854983333313,108.58202323346902,1.4026268541289142,Caution
5,42.069682,13.712598913333352,28.35708308666665,110.55114057516003,1.4785992576682987,Caution
5,3.084044,7.923503159333334,4.839459159333334,89.80683482080458,0.648674902351515,Supported
5,15.664694,13.788603976666687,1.8760900233333135,109.35009058597687,1.4782279861583891,Caution
5,0.764954,0.9065497099999997,0.1415957099999997,169.5871854580541,0.9656468334026688,Caution
5,1.478848,1.0391351533333317,0.4397128466666682,88.4349519981774,1.2275355543749285,Supported
5,14.472815,13.765703270000023,0.7071117299999781,108.23340889796164,1.4782246157292704,Caution
5,2.210857,7.885232789333333,5.674375789333333,87.20952522625942,0.6422182313817381,Supported
5,0.92334,0.9301971633333329,0.006857163333332861,176.1809826933107,0.9712340441662427,Caution
5,1.382889,1.076410306666665,0.306478693333335,88.87546012808251,1.2271018625183958,Supported
5,4.339353,7.9861041782222175,3.6467511782222175,84.87613355116856,0.6561059161919166,Supported
5,0.82854,1.0755565833333316,0.24701658333333154,26.071630445346937,0.814210849818782,Supported
5,1.048821,1.590707353333334,0.541886353333334,183.0526173737813,0.9698218627013159,Caution
5,1.315256,1.5776686100000015,0.2624126100000015,187.12013855180913,0.9778539167359338,Caution
5,0.81936,1.0726986133333316,0.25333861333333163,26.024887523841073,0.8129573199433769,Supported
5,0.863263,0.9274732766666661,0.06421027666666612,180.41508383621,0.8039160583253432,Caution
5,1.671019,1.7066121766666669,0.03559317666666684,145.28252783108965,2.3717250156060934,Extrapolation
5,18.630465,5.897037504166672,12.733427495833329,100.0097681478289,1.1967297445845386,Caution
5,0.987654,1.8305786500000023,0.8429246500000023,123.46883271757274,0.9156373623397981,Caution
5,1.167266,1.8268489300000026,0.6595829300000027,120.88716264639396,0.9224096790151287,Caution
5,2.093125,1.714943916666667,0.3781810833333332,143.20948068716226,2.3878594171014482,Extrapolation
5,0.827634,1.7137180266666663,0.8860840266666663,142.78219731114203,2.4007256355455553,Extrapolation
5,4.401403,13.286004160277775,8.884601160277775,98.76981763010735,2.9210391940671343,Extrapolation
5,2.236627,13.842450330277785,11.605823330277785,101.6714451784598,3.1439848286448373,Extrapolation
5,2.372212,13.842450330277785,11.470238330277784,104.88511659273608,3.148900305128295,Extrapolation
